Source : France Travail - STMT, Données brutes
Demandeurs d’emploi inscrits en fin de mois à France Travail par Commune de plus de 5000 hab. - France entière - Janvier 2025 - Données brutes
https://statistiques.francetravail.org/stmt/defm?nk=0&pp=las&ss=1
Commune de plus de 5000 hab.;Nombre de demandeurs d'emploi
Abbeville 80100; 3 260
Ablon-sur-Seine 94480;  520
Achères 78260; 2 540
Achicourt 62217;  800
Acigné 35690;  530
Agde 34300; 6 060
Agen 47000; 5 640
Aiffres 79230;  400
Aigues-Mortes 30220; 1 170
Aimargues 30470;  680
Aire-sur-l'Adour 40800;  690
Aire-sur-la-Lys 62120; 1 020
Aix-en-Provence 13090; 15 020
Aixe-sur-Vienne 87700;  470
Aix-les-Bains 73100; 3 440
Aizenay 85190;  780
Ajaccio 20000; 5 310
Albert 80300; 1 180
Albertville 73200; 2 000
Albi 81000; 6 190
Alençon 61000; 3 810
Alès 30100; 7 010
Alfortville 94140; 5 670
Algrange 57440;  640
Allauch 13190; 1 520
Allonnes 72700; 1 470
Altkirch 68130;  570
Ambarès-et-Lagrave 33440; 2 140
Ambazac 87240;  440
Ambérieu-en-Bugey 01500; 1 940
Ambert 63600;  630
Ambilly 74100;  990
Amboise 37400; 1 610
Amiens 80000; 19 190
Amilly 45200; 1 370
Amnéville 57360; 1 090
Amplepuis 69550;  440
Ancenis 44150; 1 130
Andernos-les-Bains 33510; 1 040
Andrésy 78570;  960
Andrézieux-Bouthéon 42160; 1 140
Angers 49000; 20 980
Anglet 64600; 4 630
Angoulême 16000; 7 620
Aniche 59580; 1 670
Annecy 74000; 12 360
Annemasse 74100; 6 130
Annezin 62232;  600
Annoeullin 59112;  890
Annonay 07100; 2 340
Anse 69480;  670
Anse-Bertrand 97121;  790
Antibes 06600; 9 040
Antony 92160; 4 900
Anzin 59410; 2 330
Apatou 97317;  680
Apt 84400; 1 610
Arcachon 33120; 1 090
Arcueil 94110; 2 590
Arès 33740;  600
Argelès-sur-Mer 66700; 2 120
Argentan 61200; 1 770
Argenteuil 95100; 14 880
Argenton-sur-Creuse 36200;  550
Arles 13200; 8 170
Armentières 59280; 3 940
Arnage 72230;  460
Arnouville 95400; 1 500
Arpajon 91290; 1 320
Arpajon-sur-Cère 15130;  370
Arques 62510; 1 100
Arradon 56610;  350
Arras 62000; 5 810
Artigues-près-Bordeaux 33370;  930
Asnières-sur-Seine 92600; 9 780
Athis-Mons 91200; 3 960
Aubagne 13400; 5 650
Aubenas 07200; 2 000
Aubergenville 78410; 1 360
Aubervilliers 93300; 14 710
Aubevoye 27940;  530
Aubière 63170;  790
Aubignan 84810;  660
Aubigny-Les Clouzeaux 85430;  590
Aubigny-sur-Nère 18700;  530
Auby 59950; 1 130
Aucamville 31140; 1 350
Auch 32000; 2 630
Auchel 62260; 1 530
Audenge 33980;  980
Audincourt 25400; 2 360
Audruicq 62370;  460
Audun-le-Tiche 57390;  470
Aulnay-sous-Bois 93600; 12 060
Aulnoye-Aymeries 59620; 1 380
Aulnoy-lez-Valenciennes 59300;  880
Auneau-Bleury-Saint-Symphorien 28700;  490
Auray 56400; 1 680
Aurec-sur-Loire 43110;  500
Aureilhan 65800;  780
Aurillac 15000; 2 650
Auriol 13390; 1 190
Aussillon 81200;  630
Aussonne 31840;  820
Auterive 31190; 1 210
Autun 71400; 1 650
Auvers-sur-Oise 95430;  480
Auxerre 89000; 4 610
Auxonne 21130;  720
Avallon 89200;  860
Avignon 84000; 17 270
Avion 62210; 2 350
Avon 77210; 1 420
Avranches 50300; 1 210
Avrillé 49240; 1 240
Aÿ-Champagne 51160;  450
Aytré 17440; 1 160
Bagnères-de-Bigorre 65200;  890
Bagneux 92220; 5 480
Bagnolet 93170; 6 220
Bagnols-sur-Cèze 30200; 2 830
Baie-Mahault 97122; 4 710
Baillargues 34670;  880
Bailleul 59270; 1 180
Baillif 97123;  940
Bailly-Romainvilliers 77700;  600
Bain-de-Bretagne 35470;  690
Baisieux 59780;  370
Balaruc-les-Bains 34540;  790
Ballancourt-sur-Essonne 91610;  550
Ballan-Miré 37510;  610
Balma 31130; 1 590
Bandol 83150;  910
Bannalec 29380;  550
Barberaz 73000;  500
Barentin 76360; 1 230
Bar-le-Duc 55000; 1 940
Barlin 62620;  980
Barr 67140;  650
Bar-sur-Aube 10200;  620
Basse-Goulaine 44115;  650
Bassens 33530; 1 170
Bassens 73000;  430
Basse-Terre 97100; 2 010
Bastia 20200; 3 270
Baud 56150;  530
Baugé-en-Anjou 49150; 1 150
Baume-les-Dames 25110;  440
Bauvin 59221;  540
Bayeux 14400; 1 450
Bayonne 64100; 6 750
Bazas 33430;  540
Beaucaire 30300; 3 680
Beauchamp 95250;  830
Beaucourt 90500;  560
Beaucouzé 49070;  420
Beaufort-en-Vallée 49250;  650
Beaugency 45190;  910
Beaumont 63110;  900
Beaumont-sur-Oise 95260; 1 090
Beaune 21200; 1 920
Beaupréau 49600; 1 750
Beaurains 62217;  540
Beaurepaire 38270;  600
Beausoleil 06240;  980
Beauvais 60000; 8 590
Beauvoisin 30640;  680
Beauzelle 31700; 1 000
Bédarieux 34600;  940
Bédarrides 84370;  590
Bègles 33130; 4 200
Behren-lès-Forbach 57460;  990
Belfort 90000; 7 050
Belin-Béliet 33830;  660
Bellegarde 30127;  940
Bellegarde-sur-Valserine 01200; 2 100
Bellerive-sur-Allier 03700;  930
Bellevigne-en-Layon 49380;  470
Bellevigny 85170;  410
Belleville 69220; 1 460
Belley 01300;  870
Benfeld 67230;  530
Berck 62600; 1 520
Bergerac 24100; 3 940
Bernay 27300; 1 290
Berre-l'Étang 13130; 1 910
Besançon 25000; 14 750
Bessan 34550;  740
Bessancourt 95550;  810
Bétheny 51450;  600
Bethoncourt 25200;  970
Béthune 62400; 3 700
Betton 35830; 1 110
Beuvrages 59192; 1 130
Beuvry 62660; 1 010
Beynes 78650;  450
Béziers 34500; 15 680
Bezons 95870; 4 580
Biarritz 64200; 2 990
Bidart 64210;  950
Biganos 33380; 1 000
Biguglia 20620;  580
Bihorel 76420;  790
Billère 64140; 1 970
Billy-Berclau 62138;  440
Billy-Montigny 62420; 1 130
Binic-Étables-sur-Mer 22680;  550
Biot 06410;  760
Biscarrosse 40600; 1 900
Bischheim 67800; 2 590
Bischwiller 67240; 1 510
Bitche 57230;  500
Blagnac 31700; 3 000
Blain 44130;  880
Blainville-sur-Orne 14550;  680
Blanquefort 33290; 1 670
Blanzy 71450;  530
Blaye 33390;  810
Blendecques 62575;  470
Bléré 37150;  540
Blois 41000; 6 850
Blotzheim 68730;  420
Bobigny 93000; 8 240
Boé 47550;  510
Bogny-sur-Meuse 08120;  700
Bohain-en-Vermandois 02110; 1 110
Bois-Colombes 92270; 2 410
Bois-d'Arcy 78390; 1 040
Bois-Guillaume 76230;  890
Bois-le-Roi 77590;  390
Boissy-Saint-Léger 94470; 1 970
Bolbec 76210; 1 700
Bollène 84500; 2 020
Bompas 66430; 1 050
Bonchamp-lès-Laval 53960;  340
Bondoufle 91070;  880
Bondues 59910;  690
Bondy 93140; 8 290
Bon-Encontre 47240;  590
Bonneuil-sur-Marne 94380; 2 360
Bonneville 74130; 1 380
Bonnières-sur-Seine 78270;  700
Bonsecours 76240;  510
Bons-en-Chablais 74890;  530
Bordeaux 33000; 37 710
Bordères-sur-l'Échez 65320;  550
Borgo 20290;  800
Bormes-les-Mimosas 83230; 1 090
Bouaye 44830;  630
Boucau 64340; 1 100
Bouc-Bel-Air 13320; 1 260
Bouchemaine 49080;  460
Bouffémont 95570;  510
Bougival 78380;  740
Bouguenais 44340; 2 310
Bouillante 97125; 1 500
Bouillargues 30230;  530
Boulay-Moselle 57220;  470
Boulazac 24750;  920
Boulogne-Billancourt 92100; 9 540
Boulogne-sur-Mer 62200; 6 040
Bourbon-Lancy 71140;  410
Bourbourg 59630;  870
Bourg-de-Péage 26300; 1 350
Bourg-en-Bresse 01000; 5 500
Bourges 18000; 8 320
Bourg-la-Reine 92340; 1 500
Bourg-lès-Valence 26500; 2 430
Bourgoin-Jallieu 38300; 3 630
Bourg-Saint-Andéol 07700; 1 060
Bourg-Saint-Maurice 73700;  690
Boussy-Saint-Antoine 91800;  730
Bras-Panon 97412; 3 080
Bréal-sous-Montfort 35310;  440
Brebières 62117;  480
Brech 56400;  580
Bressuire 79300; 1 820
Brest 29200; 17 800
Bretignolles-sur-Mer 85470;  460
Brétigny-sur-Orge 91220; 3 050
Breuillet 91650;  730
Briançon 05100; 1 440
Briare 45250;  540
Bricquebec-en-Cotentin 50260;  410
Briec 29510;  520
Brie-Comte-Robert 77170; 1 620
Briey 54150;  760
Brignais 69530; 1 020
Brignoles 83170; 2 560
Brindas 69126;  390
Brioude 43100;  840
Brissac Loire Aubance 49320;  920
Brive-la-Gaillarde 19100; 5 630
Bron 69500; 4 690
Brou-sur-Chantereine 77177;  560
Bruay-la-Buissière 62700; 3 240
Bruay-sur-l'Escaut 59860; 1 970
Bruges 33520; 2 140
Bruguières 31150;  730
Brumath 67170;  820
Brunoy 91800; 2 030
Brunstatt 68350;  690
Bruz 35170; 1 810
Bry-sur-Marne 94360; 1 410
Buc 78530;  330
Bully-les-Mines 62160; 1 520
Bures-sur-Yvette 91440;  550
Bussy-Saint-Georges 77600; 2 780
Buxerolles 86180; 1 050
Cabestany 66330; 1 150
Cabriès 13480;  720
Cachan 94230; 2 990
Cadaujac 33140;  590
Caen 14000; 15 410
Cagnes-sur-Mer 06800; 4 750
Cahors 46000; 2 880
Calais 62100; 11 120
Calonne-Ricouart 62470;  730
Caluire-et-Cuire 69300; 4 130
Calvi 20260;  860
Calvisson 30420;  710
Cambo-les-Bains 64250;  580
Cambrai 59400; 4 930
Cancale 35260;  490
Canéjan 33610;  430
Canet-en-Roussillon 66140; 2 120
Cannes 06400; 10 340
Canohès 66680;  710
Canteleu 76380; 2 240
Capbreton 40130; 1 360
Capesterre-Belle-Eau 97130; 3 590
Cappelle-la-Grande 59180;  890
Carbon-Blanc 33560;  880
Carbonne 31390;  720
Carcassonne 11000; 7 290
Carentan 50500;  830
Carhaix-Plouguer 29270;  760
Carmaux 81400; 1 470
Carnoux-en-Provence 13470;  580
Carpentras 84200; 5 120
Carquefou 44470; 1 540
Carqueiranne 83320;  790
Carrières-sous-Poissy 78955; 2 540
Carrières-sur-Seine 78420; 1 170
Carros 06510; 1 110
Carry-le-Rouet 13620;  470
Carvin 62220; 1 960
Cassis 13260;  620
Castanet-Tolosan 31320; 1 660
Castelginest 31780; 1 260
Castelnaudary 11400; 1 600
Castelnau-d'Estrétefonds 31620;  640
Castelnau-le-Lez 34170; 3 500
Castelsarrasin 82100; 2 090
Castres 81100; 5 580
Castries 34160;  660
Caudan 56850;  550
Caudebec-lès-Elbeuf 76320; 1 600
Caudry 59540; 2 510
Caumont-sur-Durance 84510;  750
Caussade 82300; 1 010
Cavaillon 84300; 4 580
Cavalaire-sur-Mer 83240;  980
Cayenne 97300; 10 080
Cazouls-lès-Béziers 34370;  630
Cébazat 63118;  680
Cenon 33150; 4 210
Céret 66400; 1 250
Cergy 95000; 9 710
Cernay 68700; 1 190
Cesson 77240;  870
Cesson-Sévigné 35510; 1 680
Cessy 01170;  430
Cestas 33610; 1 090
Ceyrat 63122;  450
Chabeuil 26120;  640
Chagny 71150;  530
Châlette-sur-Loing 45120; 2 150
Challans 85300; 2 130
Challes-les-Eaux 73190;  460
Chalonnes-sur-Loire 49290;  550
Châlons-en-Champagne 51000; 5 600
Chalon-sur-Saône 71100; 6 280
Chamalières 63400; 1 600
Chambéry 73000; 7 340
Chambly 60230;  900
Chambourcy 78240;  430
Chambray-lès-Tours 37170; 1 300
Chamonix-Mont-Blanc 74400;  750
Champagne-au-Mont-d'Or 69410;  560
Champagne-sur-Oise 95660;  410
Champagne-sur-Seine 77430;  810
Champagnole 39300;  650
Champigneulles 54250;  770
Champigny-sur-Marne 94500; 10 260
Champniers 16430;  390
Champs-sur-Marne 77420; 2 590
Changé 53810;  390
Changé 72560;  470
Chanteloup-les-Vignes 78570; 1 300
Chantepie 35135; 1 190
Chantilly 60500;  900
Chantonnay 85110;  810
Chanverrie 85130;  390
Chaponost 69630;  620
Charbonnières-les-Bains 69260;  380
Charenton-le-Pont 94220; 2 650
Charleville-Mézières 08000; 7 830
Charnay-lès-Mâcon 71850;  720
Chartres 28000; 5 020
Chartres-de-Bretagne 35131;  940
Charvieu-Chavagneux 38230;  900
Chasse-sur-Rhône 38670;  630
Chassieu 69680;  830
Château-Arnoux-Saint-Auban 04160;  620
Châteaubourg 35220;  580
Châteaubriant 44110; 1 260
Châteaudun 28200; 1 650
Châteaugiron 35410;  740
Château-Gontier 53200; 1 390
Châteaulin 29150;  510
Châteauneuf-les-Martigues 13220; 1 910
Châteauneuf-sur-Loire 45110;  740
Châteaurenard 13160; 2 230
Château-Renault 37110;  570
Châteauroux 36000; 5 600
Château-Thierry 02400; 2 460
Châtelaillon-Plage 17340;  600
Châtel-Guyon 63140;  540
Châtellerault 86100; 4 870
Châtenay-Malabry 92290; 3 000
Châtenoy-le-Royal 71880;  640
Châtillon 92320; 3 040
Châtillon-sur-Chalaronne 01400;  400
Châtillon-sur-Seine 21400;  640
Chatou 78400; 2 300
Chatuzange-le-Goubet 26300;  560
Chaumes-en-Retz 44320;  630
Chaumont 52000; 2 250
Chauny 02300; 1 780
Chauray 79180;  580
Chauvigny 86300;  660
Chavanoz 38230;  490
Chaville 92370; 1 590
Chazelles-sur-Lyon 42140;  460
Chécy 45430;  710
Chelles 77500; 5 790
Chemillé-Melay 49120; 1 650
Chennevières-sur-Marne 94430; 2 010
Chenôve 21300; 2 140
Cherbourg-Octeville 50100; 7 470
Chessy 77700;  780
Chevigny-Saint-Sauveur 21800;  900
Chevilly-Larue 94550; 2 280
Chevreuse 78460;  340
Chilly-Mazarin 91380; 2 100
Chinon 37500; 1 010
Choisy-le-Roi 94600; 5 700
Cholet 49300; 5 820
Ciboure 64500;  750
Cilaos 97413; 1 620
Claix 38640;  560
Clamart 92140; 4 970
Clapiers 34830;  480
Claye-Souilly 77410; 1 060
Cléon 76410;  710
Clermont 60600; 1 180
Clermont-Ferrand 63000; 17 800
Clermont-l'Hérault 34800; 1 580
Clichy 92110; 7 480
Clichy-sous-Bois 93390; 4 240
Clisson 44190;  630
Cloyes-les-Trois-Rivières 28220;  400
Cluny 71250;  380
Cluses 74300; 2 310
Cognac 16100; 2 440
Cognin 73160;  680
Cogolin 83310; 2 060
Colmar 68000; 8 010
Colombelles 14460; 1 070
Colombes 92700; 10 190
Colomiers 31770; 4 620
Combourg 35270;  500
Combs-la-Ville 77380; 2 330
Comines 59560; 1 190
Commentry 03600;  780
Commercy 55200;  830
Compiègne 60200; 4 930
Concarneau 29900; 2 070
Conches-en-Ouche 27190;  570
Condat-sur-Vienne 87920;  400
Condé-sur-l'Escaut 59163; 1 580
Condé-sur-Noireau 14110;  590
Condom 32100;  890
Conflans-Sainte-Honorine 78700; 3 350
Contes 06390;  570
Corbas 69960;  950
Corbeil-Essonnes 91100; 7 380
Corbie 80800;  550
Cormeilles-en-Parisis 95240; 2 280
Cormelles-le-Royal 14123;  480
Cormontreuil 51350;  450
Cornebarrieu 31700; 1 070
Corte 20250;  440
Cosne-Cours-sur-Loire 58200; 1 080
Coublevie 38500;  350
Coubron 93470;  390
Coudekerque-Branche 59210; 2 330
Couëron 44220; 1 930
Coulaines 72190; 1 130
Coulogne 62137;  520
Coulommiers 77120; 1 840
Coulounieix-Chamiers 24660;  980
Courbevoie 92400; 7 210
Courcelles-lès-Lens 62970;  960
Courdimanche 95800;  670
Cournon-d'Auvergne 63800; 1 660
Cournonterral 34660;  890
Courrières 62710; 1 150
Coursan 11110;  850
Courthézon 84350;  720
Courtry 77181;  550
Coutances 50200; 1 030
Coutras 33230; 1 120
Couzeix 87270;  810
Cranves-Sales 74380;  590
Craponne 69290;  980
Crégy-lès-Meaux 77124;  510
Creil 60100; 5 280
Crépy-en-Valois 60800; 1 350
Crest 26400; 1 510
Créteil 94000; 10 940
Creutzwald 57150; 1 640
Croissy-sur-Seine 78290;  780
Croix 59170; 2 380
Crolles 38190;  580
Crosne 91560;  740
Crozon 29160;  780
Cruseilles 74350;  430
Cucq 62780;  400
Cuers 83390; 1 130
Cuges-les-Pins 13780;  650
Cugnaux 31270; 2 570
Cuincy 59553;  720
Cusset 03300; 1 540
Dainville 62000;  350
Dammarie-les-Lys 77190; 3 610
Dammartin-en-Goële 77230; 1 010
Dardilly 69570;  670
Darnétal 76160; 1 490
Dax 40100; 3 620
Decazeville 12300;  680
Dechy 59187;  800
Décines-Charpieu 69150; 3 290
Decize 58300;  510
Delle 90100;  840
Denain 59220; 4 590
Déols 36130;  770
Desvres 62240;  570
Deuil-la-Barre 95170; 2 410
Déville-lès-Rouen 76250; 1 660
Die 26150;  800
Dieppe 76200; 4 440
Digne-les-Bains 04000; 2 180
Digoin 71160;  940
Dijon 21000; 18 180
Dinan 22100; 1 780
Dinard 35800;  970
Dives-sur-Mer 14160;  580
Divion 62460;  970
Divonne-les-Bains 01220;  830
Dol-de-Bretagne 35120;  620
Dole 39100; 2 700
Dombasle-sur-Meurthe 54110;  820
Domène 38420;  510
Domérat 03410;  860
Domont 95330; 1 470
Dompierre-sur-Mer 17139;  540
Donges 44480;  770
Donzère 26290;  730
Douai 59500; 7 200
Douarnenez 29100; 2 050
Douchy-les-Mines 59282; 1 740
Doué-la-Fontaine 49700; 1 180
Doullens 80600;  820
Dourdan 91410;  970
Dourges 62119;  690
Douvaine 74140;  630
Douvres-la-Délivrande 14440;  410
Douvrin 62138;  590
Draguignan 83300; 4 840
Drancy 93700; 9 880
Drap 06340;  520
Draveil 91210; 2 460
Dreux 28100; 5 410
Drusenheim 67410;  380
Ducos 97224; 2 420
Dugny 93440; 1 640
Dunkerque 59140; 12 010
Eaubonne 95600; 2 190
Eaunes 31600;  740
Échirolles 38130; 4 340
Eckbolsheim 67201;  610
Écouen 95440;  690
Écully 69130; 1 470
Égletons 19300;  350
Égly 91520;  620
Éguilles 13510;  680
Élancourt 78990; 2 300
Elbeuf 76500; 3 380
Elne 66200; 1 750
Elven 56250;  550
Embrun 05200;  830
Émerainville 77184;  640
Enghien-les-Bains 95880;  990
Ensisheim 68190;  660
Ensuès-la-Redonne 13820;  430
Entraigues-sur-la-Sorgue 84320;  910
Entre-Deux 97414; 1 620
Entrelacs 73410;  400
Epagny Metz-Tessy 74330;  710
Épernay 51200; 2 870
Épernon 28230;  570
Épinal 88000; 4 560
Épinay-sous-Sénart 91860; 1 440
Épinay-sur-Orge 91360;  800
Épinay-sur-Seine 93800; 7 330
Épône 78680;  720
Éragny 95610; 1 830
Erdre-en-Anjou 49220;  420
Ergué-Gabéric 29500;  610
Ermont 95120; 2 920
Ernée 53500;  410
Erquinghem-Lys 59193;  410
Erstein 67150; 1 010
Esbly 77450;  470
Escalquens 31750;  640
Escaudain 59124; 1 480
Eschau 67114;  400
Essey-lès-Nancy 54270;  950
Estaires 59940;  630
Esvres 37320;  400
Étampes 91150; 3 070
Étaples 62630; 1 170
Étoile-sur-Rhône 26800;  490
Étréchy 91580;  430
Eu 76260;  720
Évian-les-Bains 74500; 1 240
Évreux 27000; 7 760
Évron 53600;  610
Évry 91000; 9 140
Eybens 38320; 1 020
Eyguières 13430;  750
Eysines 33320; 2 700
Ézanville 95460;  880
Fabrègues 34690;  840
Faches-Thumesnil 59155; 2 420
Falaise 14700; 1 020
Fameck 57290; 1 690
Farébersviller 57450;  800
Faulquemont 57380;  560
Faverges 74210;  750
Fayence 83440;  590
Fécamp 76400; 2 350
Fegersheim 67640;  410
Feignies 59750;  940
Fenain 59179;  640
Fenouillet 31150;  710
Ferney-Voltaire 01210; 1 110
Ferrière-la-Grande 59680;  750
Feurs 42110;  710
Feytiat 87220;  470
Feyzin 69320; 1 400
Figeac 46100; 1 090
Fillière 74570;  640
Firminy 42700; 2 410
Fismes 51170;  620
Flers 61100; 2 250
Flers-en-Escrebieux 59128;  790
Fleurance 32500;  680
Fleury-les-Aubrais 45400; 2 770
Fleury-Mérogis 91700; 1 060
Fleury-sur-Orne 14123;  820
Flines-lez-Raches 59148;  500
Floirac 33270; 2 540
Florange 57190; 1 260
Florensac 34510;  710
Foix 09000; 1 470
Fondettes 37230;  740
Fonsorbes 31470; 1 160
Fontaine 38600; 2 610
Fontainebleau 77300; 1 280
Fontaine-lès-Dijon 21121;  650
Fontaines-sur-Saône 69270;  690
Fontenay-aux-Roses 92260; 2 000
Fontenay-le-Comte 85200; 1 480
Fontenay-le-Fleury 78330; 1 240
Fontenay-sous-Bois 94120; 5 910
Fontenay-Trésigny 77610;  470
Fontenilles 31470;  400
Forbach 57600; 3 430
Forcalquier 04300;  690
Fort-de-France 97200; 14 360
Fosses 95470; 1 040
Fos-sur-Mer 13270; 1 630
Fouesnant 29170;  750
Fougères 35300; 2 620
Foulayronnes 47510;  440
Fouquières-lès-Lens 62740;  720
Fourmies 59610; 2 120
Francheville 69340; 1 180
Franconville 95130; 3 770
Franqueville-Saint-Pierre 76520;  420
Fréjus 83600; 7 670
Fresnes 94260; 2 780
Fresnes-sur-Escaut 59970; 1 150
Freyming-Merlebach 57800; 1 820
Frontignan 34110; 3 030
Fronton 31620;  600
Frouard 54390;  780
Frouzins 31270;  910
Fumel 47500;  630
Furiani 20600;  430
Fuveau 13710;  840
Gagny 93220; 4 750
Gaillac 81600; 2 130
Gaillard 74240; 1 610
Gaillon 27600; 1 050
Gambsheim 67760;  330
Gan 64290;  420
Gannat 03800;  660
Gap 05000; 4 370
Garches 92380; 1 320
Gardanne 13120; 2 550
Garéoult 83136;  490
Gargenville 78440;  820
Garges-lès-Gonesse 95140; 5 410
Garons 30128;  620
Gauchy 02430;  670
Geispolsheim 67400;  580
Gémenos 13420;  530
Genas 69740;  790
Genay 69730;  450
Genlis 21110;  500
Gennes-Val-de-Loire 49350;  870
Gennevilliers 92230; 6 730
Gentilly 94250; 2 260
Gérardmer 88400;  750
Gerzat 63360; 1 120
Gévezé 35850;  480
Gex 01170; 1 430
Gien 45500; 1 890
Gières 38610;  540
Gif-sur-Yvette 91190; 1 180
Gigean 34770;  760
Gignac 34150;  810
Gignac-la-Nerthe 13180; 1 070
Gisors 27140; 1 480
Givet 08600;  860
Givors 69700; 3 280
Gleizé 69400;  770
Golbey 88190; 1 100
Gond-Pontouvre 16160;  720
Gonesse 95500; 3 720
Gonfreville-l'Orcher 76700; 1 280
Gorges 44190;  360
Gouesnou 29850;  460
Gourbeyre 97113; 1 320
Gournay-en-Bray 76220;  710
Gournay-sur-Marne 93460;  550
Goussainville 95190; 4 340
Gouvieux 60270;  580
Goyave 97128; 1 410
Grabels 34790; 1 130
Gradignan 33170; 2 310
Grand-Bourg 97112;  880
Grand-Champ 56390;  390
Grandchamps-des-Fontaines 44119;  450
Grand-Charmont 25200;  870
Grand-Couronne 76530; 1 350
Grande-Synthe 59760; 3 380
Grand-Fort-Philippe 59153;  530
Grand-Santi 97340;  400
Grans 13450;  560
Granville 50400; 1 450
Grasse 06130; 5 190
Graulhet 81300; 1 990
Gravelines 59820; 1 270
Gray 70100;  790
Grenade 31330;  990
Grenay 62160;  880
Grenoble 38000; 19 090
Gretz-Armainvilliers 77220;  890
Grézieu-la-Varenne 69290;  500
Grigny 69520; 1 110
Grigny 91350; 4 190
Groslay 95410;  840
Gros-Morne 97213; 1 740
Gruissan 11430;  800
Guebwiller 68500; 1 320
Guémené-Penfao 44290;  540
Guénange 57310;  720
Guer 56380;  510
Guérande 44350; 1 510
Guéret 23000; 1 590
Gueugnon 71130;  560
Guichen 35580;  810
Guidel 56520;  910
Guilers 29820;  600
Guilherand-Granges 07500;  850
Guînes 62340;  660
Guingamp 22200; 1 190
Guipavas 29490; 1 210
Guipry-Messac 35480;  710
Guise 02120;  790
Gujan-Mestras 33470; 2 040
Guyancourt 78280; 2 820
Habsheim 68440;  420
Hagondange 57300;  960
Haguenau 67500; 3 800
Haillicourt 62940;  620
Halluin 59250; 2 240
Harfleur 76700; 1 260
Harnes 62440; 1 540
Hasparren 64240;  650
Haubourdin 59320; 1 720
Haute-Goulaine 44115;  380
Hautmont 59330; 2 620
Hauts de Bienne 39400;  680
Hayange 57240; 1 720
Hazebrouck 59190; 2 130
Heillecourt 54180;  310
Hem 59510; 2 270
Hendaye 64700; 1 960
Hénin-Beaumont 62110; 3 700
Hennebont 56700; 1 730
Herbignac 44410;  600
Herblay 95220; 3 140
Héric 44810;  480
Héricourt 70400; 1 230
Hérouville-Saint-Clair 14200; 3 300
Hersin-Coupigny 62530;  670
Hettange-Grande 57330;  420
Hirson 02500; 1 570
Hoenheim 67800; 1 180
Hombourg-Haut 57470;  710
Homécourt 54310;  780
Honfleur 14600;  970
Horbourg-Wihr 68180;  450
Houdain 62150;  810
Houilles 78800; 2 880
Houplines 59116;  800
Huningue 68330;  860
Hyères 83400; 6 390
Idron 64320;  350
Ifs 14123; 1 250
Igny 91430;  620
Ille-sur-Têt 66130; 1 130
Illkirch-Graffenstaden 67400; 2 760
Illzach 68110; 1 990
Ingré 45140;  960
Inzinzac-Lochrist 56650;  650
Irigny 69540;  770
Isbergues 62330;  880
Isle 87170;  600
Issoire 63500; 1 740
Issoudun 36100; 1 350
Issy-les-Moulineaux 92130; 5 650
Istres 13800; 5 170
Itteville 91760;  410
Ivry-sur-Seine 94200; 8 640
Izon 33450;  560
Jacou 34830;  580
Janzé 35150;  660
Jarny 54800;  860
Jarville-la-Malgrange 54140; 1 360
Jassans-Riottier 01480;  520
Jaunay-Clan 86130;  660
Jeumont 59460; 1 630
Joeuf 54240;  850
Joigny 89300; 1 480
Joinville-le-Pont 94340; 1 710
Jonage 69330;  410
Jonquières 84150;  560
Jouars-Pontchartrain 78760;  320
Joué-lès-Tours 37300; 4 370
Jouy-en-Josas 78350;  360
Jouy-le-Moutier 95280; 1 590
Jurançon 64110;  700
Juvignac 34990; 1 890
Juvisy-sur-Orge 91260; 2 170
Kembs 68680;  500
Kervignac 56700;  500
Kingersheim 68260; 1 370
Kourou 97310; 4 080
L' Île-d'Yeu 85350;  430
La Balme-de-Sillingy 74330;  440
La Bassée 59480;  800
La Baule-Escoublac 44500; 1 500
La Bouilladisse 13720;  480
La Cadière-d'Azur 83740;  410
La Celle-Saint-Cloud 78170; 1 660
La Chapelle-Basse-Mer 44450;  520
La Chapelle-d'Armentières 59930;  840
La Chapelle-Saint-Luc 10600; 2 220
La Chapelle-Saint-Mesmin 45380; 1 040
La Chapelle-sur-Erdre 44240; 1 390
La Charité-sur-Loire 58400;  470
La Chevrolière 44118;  470
La Ciotat 13600; 4 760
La Colle-sur-Loup 06480;  650
La Côte-Saint-André 38260;  530
La Courneuve 93120; 6 040
La Couronne 16400;  930
La Crau 83260; 1 430
La Crèche 79260;  440
La Fare-les-Oliviers 13580;  710
La Farlède 83210;  730
La Ferrière 85280;  390
La Ferté-Bernard 72400; 1 040
La Ferté-Macé 61600;  590
La Ferté-Saint-Aubin 45240;  560
La Ferté-sous-Jouarre 77260; 1 200
La Flèche 72200; 1 540
La Garde 83130; 2 280
La Garenne-Colombes 92250; 2 300
La Garnache 85710;  510
La Gaude 06610;  500
La Gorgue 59253;  530
La Grand-Combe 30110; 1 210
La Grand-Croix 42320;  570
La Grande-Motte 34280; 1 550
La Hague 50440;  680
La Londe-les-Maures 83250; 1 080
La Madeleine 59110; 2 500
La Mézière 35520;  400
La Montagne 44620;  550
La Motte-Servolex 73290;  800
La Mulatière 69350;  750
La Mure 38350;  400
La Penne-sur-Huveaune 13821;  580
La Plaine-des-Palmistes 97431; 1 680
La Possession 97419; 7 480
La Queue-en-Brie 94510;  980
La Ravoire 73490;  840
La Ricamarie 42150; 1 260
La Riche 37520; 1 220
La Rochelle 17000; 11 360
La Roche-sur-Foron 74800;  980
La Roche-sur-Yon 85000; 6 770
La Roque-d'Anthéron 13640;  570
La Roquette-sur-Siagne 06550;  460
La Salvetat-Saint-Gilles 31880;  750
La Seyne-sur-Mer 83500; 7 690
La Souterraine 23300;  650
La Talaudière 42350;  530
La Teste-de-Buch 33260; 2 820
La Tour-du-Pin 38110;  900
La Trinité 06340;  910
La Trinité 97220; 2 180
La Tronche 38700;  460
La Valette-du-Var 83160; 1 980
La Verpillière 38290;  800
La Verrière 78320;  710
La Ville-aux-Dames 37700;  540
La Ville-du-Bois 91620;  680
La Voulte-sur-Rhône 07800;  640
La Wantzenau 67610;  310
Labarthe-sur-Lèze 31860;  680
Labenne 40530;  800
Labruguière 81290;  650
Lacanau 33680;  830
Lacroix-Saint-Ouen 60610;  480
Lagnieu 01150;  660
Lagny-sur-Marne 77400; 2 380
Lagord 17140;  700
L'Aigle 61300; 1 100
Laillé 35890;  420
Lallaing 59167;  850
Lamballe 22400; 1 450
Lambersart 59130; 2 240
Lambesc 13410;  850
Lambres-lez-Douai 59552;  480
Lamentin 97129; 3 280
Lamorlaye 60260;  560
Lançon-Provence 13680;  900
Landerneau 29800; 1 430
Landivisiau 29400;  920
Lanester 56600; 2 610
Laneuveville-devant-Nancy 54410;  660
Langon 33210; 1 080
Langres 52200; 1 030
Langueux 22360;  810
Languidic 56440;  720
Lannemezan 65300;  680
Lannilis 29870;  450
Lannion 22300; 2 110
Lanton 33138;  640
Laon 02000; 4 370
L'Arbresle 69210;  690
Lardy 91510;  370
Larmor-Plage 56260;  520
Lattes 34970; 1 790
Laudun-l'Ardoise 30290;  650
Launaguet 31140; 1 110
Laval 53000; 5 910
Lavaur 81500; 1 200
Lavelanet 09300; 1 000
Laventie 62840;  360
Laxou 54520; 1 470
Le Barcarès 66420; 1 070
Le Barp 33114;  440
Le Beausset 83330;  940
Le Blanc 36300;  580
Le Blanc-Mesnil 93150; 7 900
Le Boulou 66160;  800
Le Bourget 93350; 1 910
Le Bourget-du-Lac 73370;  380
Le Bouscat 33110; 2 420
Le Cannet 06110; 5 180
Le Castellet 83330;  630
Le Cateau-Cambrésis 59360; 1 280
Le Cendre 63670;  370
Le Chambon-Feugerolles 42500; 1 650
Le Chesnay 78150; 2 000
Le Controis-en-Sologne 41700;  760
Le Coteau 42120;  740
Le Crès 34920;  880
Le Creusot 71200; 2 430
Le Diamant 97223; 1 010
Le Fenouiller 85800;  390
Le François 97240; 3 050
Le Gosier 97190; 5 190
Le Grand-Quevilly 76120; 3 160
Le Grau-du-Roi 30240; 1 490
Le Haillan 33185; 1 070
Le Havre 76600; 26 180
Le Kremlin-Bicêtre 94270; 2 850
Le Lamentin 97232; 6 280
Le Lavandou 83980;  940
Le Lion-d'Angers 49220;  380
Le Loroux-Bottereau 44430;  670
Le Lorrain 97214; 1 320
Le Luc 83340; 1 450
Le Mans 72000; 21 440
Le Marin 97290; 1 770
Le Mée-sur-Seine 77350; 2 700
Le Mené 22330;  600
Le Mesnil-Esnard 76240;  620
Le Mesnil-le-Roi 78600;  410
Le Mesnil-Saint-Denis 78320;  470
Le Morne-Rouge 97260;  700
Le Moule 97160; 4 350
Le Muy 83490; 1 140
Le Palais-sur-Vienne 87410;  520
Le Passage 47520;  990
Le Péage-de-Roussillon 38550;  910
Le Pecq 78230; 1 210
Le Pellerin 44640;  500
Le Perray-en-Yvelines 78610;  440
Le Perreux-sur-Marne 94170; 2 920
Le Petit-Quevilly 76140; 3 710
Le Pian-Médoc 33290;  500
Le Plessis-Bouchard 95130;  700
Le Plessis-Robinson 92350; 1 840
Le Plessis-Trévise 94420; 1 860
Le Poinçonnet 36330;  310
Le Poiré-sur-Vie 85170;  650
Le Pont-de-Claix 38800; 1 290
Le Pontet 84130; 2 360
Le Port 97420; 9 480
Le Portel 62480; 1 190
Le Port-Marly 78560;  540
Le Pradet 83220;  870
Le Pré-Saint-Gervais 93310; 2 630
Le Puy-en-Velay 43000; 2 510
Le Puy-Sainte-Réparade 13610;  600
Le Quesnoy 59530;  650
Le Raincy 93340; 1 370
Le Relecq-Kerhuon 29480;  930
Le Rheu 35650;  960
Le Robert 97231; 3 690
Le Rove 13740;  460
Le Soler 66270;  980
Le Taillan-Médoc 33320;  910
Le Tampon 97430; 20 910
Le Teich 33470;  870
Le Teil 07400; 1 210
Le Thor 84250; 1 050
Le Trait 76580;  530
Le Tréport 76470;  600
Le Vauclin 97280; 1 720
Le Versoud 38420;  290
Le Vésinet 78110; 1 070
Leers 59115;  730
Leforest 62790;  750
Lège-Cap-Ferret 33950;  830
Léguevin 31490;  890
Lempdes 63370;  630
Lens 62300; 5 310
Lentilly 69210;  480
Léognan 33850;  860
Les Abrets en Dauphiné 38490;  550
Les Abymes 97139; 11 670
Les Achards 85150;  500
Les Andelys 27700;  980
Les Angles 30133;  850
Les Arcs 83460;  940
Les Avenières 38630;  640
Les Avirons 97425; 2 410
Les Clayes-sous-Bois 78340; 1 300
Les Essarts 85140;  630
Les Essarts-le-Roi 78690;  420
Les Hauts-d'Anjou 49330;  780
Les Herbiers 85500; 1 380
Les Lilas 93260; 2 990
Les Mureaux 78130; 5 880
Les Pavillons-sous-Bois 93320; 2 990
Les Pennes-Mirabeau 13170; 1 680
Les Ponts-de-Cé 49130; 1 300
Les Sables-d'Olonne 85100; 4 270
Les Sorinières 44840;  840
Les Trois-Bassins 97426; 2 130
Les Trois-Îlets 97229; 1 380
Les Ulis 91940; 2 910
Lescar 64230;  820
Lésigny 77150;  460
Lesneven 29260;  660
Lesparre-Médoc 33340;  920
Lesquin 59810;  730
Lestrem 62136;  370
L'Étang-Salé 97427; 3 360
Levallois-Perret 92300; 5 270
Levens 06670;  390
Lèves 28300;  460
Lézignan-Corbières 11200; 1 570
Lezoux 63190;  650
L'Haÿ-les-Roses 94240; 3 160
L'Hôpital 57490;  680
Liancourt 60140;  750
Libercourt 62820; 1 070
Libourne 33500; 3 590
Lieusaint 77127; 1 390
Liévin 62800; 4 150
Liffré 35340;  710
Ligné 44850;  430
L'Île-Saint-Denis 93450; 1 250
Lille 59000; 34 880
Lillebonne 76170; 1 410
Lillers 62190; 1 320
Limay 78520; 2 870
Limeil-Brévannes 94450; 2 810
Limoges 87000; 16 680
Limours 91470;  360
Limoux 11300; 1 480
Linas 91310;  940
Lingolsheim 67380; 2 410
Linselles 59126;  600
Lisieux 14100; 2 560
L'Isle-Adam 95290;  970
L'Isle-d'Abeau 38080; 2 180
L'Isle-d'Espagnac 16340;  550
L'Isle-Jourdain 32600;  860
L'Isle-sur-la-Sorgue 84800; 2 420
Lisses 91090;  670
Livarot-Pays-d'Auge 14140;  540
Liverdun 54460;  410
Livron-sur-Drôme 26250;  940
Livry-Gargan 93190; 5 770
Loches 37600;  700
Locmaria-Plouzané 29280;  290
Lodève 34700; 1 400
Lognes 77185; 1 460
Loire-Authion 49250; 1 220
Loireauxence 44370;  640
Loison-sous-Lens 62218;  620
Longjumeau 91160; 2 270
Longpont-sur-Orge 91310;  600
Longueau 80330;  630
Longué-Jumelles 49160;  830
Longuenée-en-Anjou 49220;  480
Longuenesse 62219; 1 200
Longuyon 54260;  480
Longvic 21600; 1 000
Longwy 54400; 1 890
Lons 64140; 1 320
Lons-le-Saunier 39000; 2 010
Loon-Plage 59279;  590
Loos 59120; 2 760
Loos-en-Gohelle 62750;  740
Lorgues 83510; 1 030
Lorient 56100; 7 400
Loriol-sur-Drôme 26270;  800
Lormont 33310; 4 030
Loudéac 22600; 1 050
Loudun 86200;  790
Louhans 71500;  680
Lourdes 65100; 2 610
Louveciennes 78430;  530
Louviers 27400; 2 790
Louvres 95380; 1 280
Louvroil 59720; 1 210
Lucciana 20290;  820
Lucé 28110; 2 290
Luc-la-Primaube 12450;  370
Luçon 85400;  960
Ludon-Médoc 33290;  410
Ludres 54710;  360
Luisant 28600;  570
Lunel 34400; 4 450
Lunéville 54300; 2 800
L'Union 31240; 1 120
Lure 70200; 1 100
Lutterbach 68460;  610
Luxeuil-les-Bains 70300;  880
Luynes 37230;  370
Lyon 69000; 60 930
Lys-Haut-Layon 49310;  720
Lys-lez-Lannoy 59390; 1 560
Mably 42300;  720
Machecoul 44270;  870
Mâcon 71870; 5 370
Macouria 97355; 2 610
Maen Roch 35460;  430
Magnanville 78200;  600
Magny-en-Vexin 95420;  610
Magny-le-Hongre 77700;  670
Magny-les-Hameaux 78114;  670
Mainvilliers 28300; 1 360
Maisons-Alfort 94700; 4 920
Maisons-Laffitte 78600; 1 700
Maizières-lès-Metz 57210; 1 190
Malakoff 92240; 3 110
Malaunay 76770;  640
Malemort-sur-Corrèze 19360;  710
Malesherbes 45330;  850
Mallemort 13370;  750
Malzéville 54220;  850
Mamers 72600;  560
Mana 97360; 1 190
Mandelieu-la-Napoule 06210; 2 690
Manduel 30129;  630
Manosque 04100; 3 190
Mantes-la-Jolie 78200; 7 770
Mantes-la-Ville 78200; 3 290
Marange-Silvange 57159;  480
Marcheprime 33380;  500
Marck 62730;  980
Marcoussis 91460;  640
Marcq-en-Baroeul 59700; 3 270
Marennes 17320;  630
Margny-lès-Compiègne 60280;  950
Marguerittes 30320;  890
Marignane 13700; 4 110
Marignier 74970;  540
Maripasoula 97370;  800
Marles-les-Mines 62540;  720
Marly 57157;  650
Marly 59770; 1 610
Marly-la-Ville 95670;  460
Marly-le-Roi 78160; 1 110
Marmande 47200; 2 320
Marnaz 74460;  570
Marolles-en-Hurepoix 91630;  340
Maromme 76150; 1 860
Marquette-lez-Lille 59520; 1 210
Marquise 62250;  530
Marsannay-la-Côte 21160;  420
Marseillan 34340; 1 380
Marseille 13000; 129 990
Marsillargues 34590;  950
Martignas-sur-Jalle 33127;  600
Martigues 13500; 6 430
Massy 91300; 5 490
Matoury 97351; 5 250
Maubeuge 59600; 5 090
Mauges-sur-Loire 49620; 1 360
Mauguio 34130; 2 220
Maule 78580;  420
Mauléon 79700;  600
Maurepas 78310; 1 770
Maxéville 54320; 1 480
Mayenne 53100; 1 130
Mazamet 81200; 1 500
Mazan 84380;  650
Mazé-Milon 49250;  470
Mazingarbe 62670; 1 090
Meaux 77100; 7 500
Mehun-sur-Yèvre 18500;  550
Melesse 35520;  580
Melle 79500;  530
Melun 77000; 6 320
Mende 48000; 1 010
Mennecy 91540; 1 280
Menton 06500; 3 280
Menucourt 95180;  450
Mer 41500;  680
Méricourt 62680; 1 440
Mériel 95630;  370
Mérignac 33700; 7 710
Méru 60110; 1 920
Merville 59660; 1 060
Merville 31330;  710
Méry-sur-Oise 95540;  860
Mesnils-sur-Iton 27240;  520
Metz 57000; 15 640
Meudon 92190; 3 880
Meulan-en-Yvelines 78250; 1 180
Meung-sur-Loire 45130;  580
Meximieux 01800;  650
Meylan 38240; 1 210
Meyreuil 13590;  590
Meyzieu 69330; 3 570
Mèze 34140; 1 270
Mézidon Vallée d'Auge 14270;  890
Migennes 89400; 1 110
Mignaloux-Beauvoir 86550;  300
Migné-Auxances 86440;  500
Milhaud 30540;  770
Millau 12100; 2 570
Mimizan 40200; 1 130
Mions 69780; 1 190
Mios 33380; 1 030
Miramas 13140; 3 900
Mirecourt 88500;  610
Miribel 01700;  810
Missillac 44780;  440
Mitry-Mory 77290; 2 050
Moëlan-sur-Mer 29350;  560
Moirans 38430;  690
Moissac 82200; 2 820
Moissy-Cramayel 77550; 2 040
Molsheim 67120;  880
Moncoutant-sur-Sèvre 79320;  350
Mondelange 57300;  550
Mondeville 14120; 1 340
Mondonville 31700;  790
Monistrol-sur-Loire 43120;  760
Mons-en-Baroeul 59370; 2 670
Montaigu 85600; 1 380
Montargis 45200; 2 950
Montataire 60160; 1 870
Montauban 82000; 8 450
Montauban-de-Bretagne 35360;  440
Montauroux 83440;  620
Montbard 21500;  590
Montbéliard 25200; 4 280
Montbonnot-Saint-Martin 38330;  330
Montbrison 42600; 1 650
Montceau-les-Mines 71300; 2 270
Montchanin 71210;  520
Mont-de-Marsan 40000; 3 370
Montdidier 80500;  840
Montech 82700;  690
Montélimar 26200; 5 390
Montereau-Fault-Yonne 77130; 3 380
Montesson 78360; 1 140
Monteux 84170; 1 810
Montévrain 77144; 1 270
Montfermeil 93370; 3 700
Montfort-sur-Meu 35160;  510
Montgeron 91230; 2 240
Montigny-en-Gohelle 62640; 1 190
Montigny-le-Bretonneux 78180; 2 400
Montigny-lès-Cormeilles 95370; 2 460
Montigny-lès-Metz 57158; 2 460
Montivilliers 76290; 1 460
Montlhéry 91310;  900
Montlouis-sur-Loire 37270;  960
Montluçon 03100; 5 050
Montluel 01120;  680
Montmagny 95360; 1 670
Montmorency 95160; 1 960
Montmorillon 86500;  610
Montoir-de-Bretagne 44550;  680
Montpellier 34000; 49 940
Montpon-Ménestérol 24700;  720
Montreuil 93100; 18 870
Montreuil-Juigné 49460;  630
Montrevault-sur-Èvre 49110; 1 180
Montrond-les-Bains 42210;  410
Montrouge 92120; 4 210
Monts 37260;  530
Mont-Saint-Aignan 76130; 1 430
Mont-Saint-Martin 54350; 1 020
Montval-sur-Loir 72500;  760
Morangis 91420; 1 220
Morcenx-la-Nouvelle 40110;  480
Mordelles 35310;  650
Morières-lès-Avignon 84310;  930
Morlaix 29600; 2 170
Mormant 77720;  450
Mornant 69440;  380
Morne-à-l'Eau 97111; 3 280
Morsang-sur-Orge 91390; 2 040
Mortagne-sur-Sèvre 85290;  460
Morteau 25500;  690
Mouans-Sartoux 06370;  900
Mougins 06250; 1 870
Mouguerre 64990;  440
Mouilleron-le-Captif 85000;  340
Moulins 03000; 2 890
Moulins-lès-Metz 57160;  470
Mourenx 64150;  780
Mourmelon-le-Grand 51400;  330
Mouroux 77120;  480
Mouvaux 59420; 1 040
Mouy 60250;  620
Moyeuvre-Grande 57250;  880
Mulhouse 68100; 18 920
Mulsanne 72230;  410
Mundolsheim 67450;  420
Muret 31600; 3 380
Mûrs-Erigné 49130;  520
Mutzig 67190;  540
Muzillac 56190;  380
Naintré 86530;  550
Nancy 54000; 13 610
Nandy 77176;  650
Nangis 77370;  990
Nans-les-Pins 83860;  400
Nanterre 92000; 11 980
Nantes 44000; 41 080
Nanteuil-lès-Meaux 77100;  610
Narbonne 11100; 9 300
Nègrepelisse 82800;  580
Nemours 77140; 1 770
Nérac 47600;  760
Neufchâteau 88300;  880
Neuilly-Plaisance 93360; 2 180
Neuilly-sur-Marne 93330; 4 680
Neuilly-sur-Seine 92200; 3 740
Neuves-Maisons 54230;  660
Neuville-aux-Bois 45170;  370
Neuville-de-Poitou 86170;  470
Neuville-en-Ferrain 59960;  660
Neuville-sur-Saône 69250;  790
Nevers 58000; 4 190
Nice 06000; 41 570
Nieppe 59850;  660
Nieul-sur-Mer 17137;  480
Nîmes 30000; 23 840
Niort 79000; 6 520
Noeux-les-Mines 62290; 1 550
Nogent-le-Rotrou 28400; 1 190
Nogent-sur-Marne 94130; 2 730
Nogent-sur-Oise 60180; 2 920
Nogent-sur-Seine 10400;  610
Noisiel 77186; 1 950
Noisy-le-Grand 93160; 8 360
Noisy-le-Roi 78590;  450
Noisy-le-Sec 93130; 6 420
Nort-sur-Erdre 44390;  710
Notre-Dame-de-Bondeville 76960;  770
Notre-Dame-de-Gravenchon 76330; 1 050
Nouzonville 08700;  800
Noves 13550;  700
Noyal-Châtillon-sur-Seiche 35230;  880
Noyal-sur-Vilaine 35530;  470
Noyant-Villages 49490;  720
Noyelles-Godault 62950;  800
Noyelles-sous-Lens 62221;  900
Noyon 60400; 2 090
Nueil-les-Aubiers 79250;  420
Nuits-Saint-Georges 21700;  440
Nyons 26110;  830
Oberhausbergen 67205;  500
Obernai 67210; 1 100
Octeville-sur-Mer 76930;  360
Oignies 62590; 1 310
Oissel 76350; 1 510
Olivet 45160; 1 680
Ollainville 91290;  430
Ollioules 83190; 1 400
Oloron-Sainte-Marie 64400; 1 390
Ombrée d'Anjou 49420;  950
Ondres 40440;  740
Onet-le-Château 12850; 1 060
Onnaing 59264; 1 220
Oraison 04700;  610
Orange 84100; 4 070
Orchies 59310;  980
Orée d'Anjou 49270; 1 320
Orgères 35230;  530
Orgeval 78630;  470
Orléans 45000; 15 680
Orly 94310; 2 940
Ormesson-sur-Marne 94490;  710
Orsay 91400; 1 070
Orthez 64300; 1 140
Orvanne 77250;  930
Orvault 44700; 2 260
Osny 95520; 1 740
Ostricourt 59162;  800
Ostwald 67540; 1 700
Othis 77280;  540
Ouistreham 14150;  860
Oullins 69600; 3 290
Outreau 62230; 1 430
Oye-Plage 62215;  500
Oyonnax 01100; 3 220
Ozoir-la-Ferrière 77330; 1 850
Pacé 35740;  920
Pacy-sur-Eure 27120;  560
Paimpol 22500;  700
Palaiseau 91120; 2 870
Palavas-les-Flots 34250;  970
Pamiers 09100; 2 330
Panazol 87350;  820
Pantin 93500; 9 260
Papaichton 97316;  270
Paray-le-Monial 71600;  800
Paray-Vieille-Poste 91550;  650
Parempuyre 33290; 1 040
Parentis-en-Born 40160;  920
Parigné-l'Évêque 72250;  310
Paris 75000; 246 510
Parmain 95620;  360
Parthenay 79200; 1 030
Passy 74190;  820
Pau 64000; 10 180
Pauillac 33250;  800
Pavilly 76570; 1 020
Pecquencourt 59146; 1 040
Pégomas 06580;  700
Pélissanne 13330; 1 020
Penmarch 29760;  520
Pérenchies 59840;  670
Périgny 17180;  830
Périgueux 24000; 4 190
Pernes-les-Fontaines 84210; 1 080
Pérols 34470; 1 200
Péronnas 01960;  550
Péronne 80200; 1 170
Perpignan 66000; 25 430
Perros-Guirec 22700;  630
Persan 95340; 1 790
Pertuis 84120; 2 520
Pessac 33600; 5 750
Petit-Bourg 97170; 3 870
Petit-Canal 97131; 1 450
Petit-Caux 76370;  730
Petit-Couronne 76650; 1 100
Petite-Forêt 59494;  590
Petite-Île 97429; 2 910
Petite-Rosselle 57540;  710
Peymeinade 06530;  800
Peypin 13124;  450
Peyrolles-en-Provence 13860;  560
Pézenas 34120; 1 460
Pfastatt 68120; 1 020
Pia 66380; 1 790
Pibrac 31820;  700
Pierre-Bénite 69310;  630
Pierrefeu-du-Var 83390;  490
Pierrefitte-sur-Seine 93380; 4 570
Pierrelatte 26700; 1 800
Pierrelaye 95480; 1 080
Pignan 34570;  820
Piolenc 84420;  640
Pithiviers 45300; 1 360
Plabennec 29860;  620
Plaisance-du-Touch 31830; 2 070
Plaisir 78370; 2 910
Plan-de-Cuques 13380;  780
Plédran 22960;  510
Plérin 22190; 1 210
Plescop 56890;  660
Plessé 44630;  540
Pleurtuit 35730;  670
Ploemeur 56270; 1 270
Ploeren 56880;  540
Ploërmel 56800;  910
Plonéour-Lanvern 29720;  600
Plouay 56240;  440
Ploudalmézeau 29830;  420
Ploufragan 22440; 1 180
Plougastel-Daoulas 29470; 1 050
Plouguerneau 29880;  610
Plouhinec 56680;  510
Plouigneau 29610;  380
Ploumagoar 22970;  430
Plouzané 29280;  870
Pluneret 56400;  590
Pluvigner 56330;  660
Pointe-à-Pitre 97110; 3 620
Pointe-Noire 97116; 1 220
Poissy 78300; 4 530
Poisy 74330;  910
Poitiers 86000; 11 940
Pollestres 66450;  680
Pont-à-Mousson 54700; 1 610
Pontarlier 25300; 2 080
Pont-Audemer 27500; 1 450
Pontault-Combault 77340; 3 560
Pontcharra 38530;  690
Pontchâteau 44160;  940
Pont-de-Chéruy 38230;  660
Pont-du-Château 63430;  960
Pont-Évêque 38780;  670
Pontivy 56300; 1 380
Pont-l'Abbé 29120;  840
Pont-l'Évêque 14130;  460
Pontoise 95000; 3 640
Pont-Sainte-Marie 10150;  660
Pont-Sainte-Maxence 60700; 1 510
Pont-Saint-Esprit 30130; 1 460
Pont-Saint-Martin 44860;  500
Pordic 22590;  570
Pornic 44210; 1 450
Pornichet 44380; 1 090
Port-de-Bouc 13110; 3 230
Portes-lès-Valence 26800; 1 070
Portet-sur-Garonne 31120; 1 100
Port-la-Nouvelle 11210;  930
Port-Louis 97117; 1 230
Porto-Vecchio 20137; 2 120
Port-Saint-Louis-du-Rhône 13230; 1 090
Pourrières 83910;  430
Poussan 34560;  750
Pouzauges 85700;  460
Prades 66500; 1 050
Prades-le-Lez 34730;  570
Prévessin-Moëns 01280;  650
Privas 07000; 1 080
Provins 77160; 1 570
Publier 74500;  790
Puget-sur-Argens 83480; 1 180
Puilboreau 17138;  570
Pulnoy 54420;  400
Puteaux 92800; 4 010
Quesnoy-sur-Deûle 59890;  550
Questembert 56230;  720
Quetigny 21800; 1 000
Quéven 56530;  720
Quiévrechain 59920;  930
Quimper 29000; 7 350
Quimperlé 29300; 1 390
Quincy-sous-Sénart 91480;  960
Quincy-Voisins 77860;  390
Quint-Fonsegrives 31130;  460
Rabastens 81800;  740
Raismes 59590; 1 990
Rambervillers 88700;  690
Rambouillet 78120; 2 080
Ramonville-Saint-Agne 31520; 1 760
Raon-l'Étape 88110; 1 000
Redon 35600; 1 230
Reichshoffen 67110;  500
Reignier-Ésery 74930;  730
Reims 51100; 25 220
Remiremont 88200;  930
Remire-Montjoly 97354; 2 310
Rennes 35000; 31 670
Rethel 08300;  890
Revel 31250; 1 200
Revin 08500;  940
Reyrieux 01600;  380
Rezé 44400; 4 980
Riantec 56670;  540
Riedisheim 68400; 1 110
Rillieux-la-Pape 69140; 3 840
Riom 63200; 2 150
Riorges 42153; 1 050
Ris-Orangis 91130; 3 730
Rive-de-Gier 42800; 1 930
Rives 38140;  590
Rivesaltes 66600; 1 530
Rives-du-Loir-en-Anjou 49140;  370
Rivière-Pilote 97211; 2 230
Rivière-Salée 97215; 2 210
Rixheim 68170; 1 400
Roanne 42300; 5 080
Rocbaron 83136;  520
Rochefort 17300; 3 460
Rochefort-du-Gard 30650;  710
Roche-la-Molière 42230;  920
Rodez 12000; 2 450
Rognac 13340; 1 190
Roissy-en-Brie 77680; 2 110
Romagnat 63540;  570
Romainville 93230; 4 940
Romans-sur-Isère 26100; 4 780
Rombas 57120; 1 080
Romilly-sur-Seine 10100; 2 360
Romorantin-Lanthenay 41200; 2 470
Ronchin 59790; 2 400
Roncq 59223; 1 110
Roost-Warendin 59286;  640
Roquebrune-Cap-Martin 06190; 1 200
Roquebrune-sur-Argens 83520; 1 920
Roquefort-la-Bédoule 13830;  470
Roquefort-les-Pins 06330;  500
Roquemaure 30150;  700
Roques 31120;  630
Roquevaire 13360;  890
Rosheim 67560;  350
Rosières-près-Troyes 10430;  360
Rosny-sous-Bois 93110; 6 550
Rosny-sur-Seine 78710;  920
Rosporden 29140;  710
Roubaix 59100; 20 110
Rouen 76000; 17 210
Rousset 13790;  610
Roussillon 38150;  970
Rouvroy 62320; 1 180
Royan 17200; 2 370
Roye 80700;  860
Rueil-Malmaison 92500; 6 600
Ruelle-sur-Touvre 16600;  790
Rumilly 74150; 1 520
Rungis 94150;  410
Sablé-sur-Sarthe 72300; 1 520
Sainghin-en-Weppes 59184;  360
Sains-en-Gohelle 62114;  680
Saint-Affrique 12400;  750
Saint-Alban 31140;  790
Saint-Alban-Leysse 73230;  570
Saint-Amand-les-Eaux 59230; 1 850
Saint-Amand-Montrond 18200; 1 080
Saint-André 97440; 13 480
Saint-André-de-Cubzac 33240; 1 540
Saint-André-de-la-Roche 06730;  430
Saint-André-de-Sangonis 34725;  810
Saint-André-des-Eaux 44117;  500
Saint-André-les-Vergers 10120; 1 450
Saint-André-lez-Lille 59350; 1 250
Saint-Apollinaire 21850;  590
Saint-Arnoult-en-Yvelines 78730;  350
Saint-Astier 24110;  560
Saint-Aubin-de-Médoc 33160;  570
Saint-Aubin-lès-Elbeuf 76410; 1 010
Saint-Avé 56890;  940
Saint-Avertin 37550; 1 080
Saint-Avold 57500; 2 060
Saint-Barthélemy-d'Anjou 49124; 1 080
Saint-Benoît 86280;  570
Saint-Benoît 97470; 10 140
Saint-Berthevin 53940;  560
Saint-Bonnet-de-Mure 69720;  410
Saint-Brevin-les-Pins 44250; 1 110
Saint-Brice-sous-Forêt 95350; 1 460
Saint-Brieuc 22000; 6 630
Saint-Cannat 13760;  570
Saint-Chamas 13250;  870
Saint-Chamond 42400; 4 390
Saint-Chéron 91530;  410
Saint-Christol-lès-Alès 30380;  930
Saint-Claude 39200; 1 040
Saint-Claude 97120; 1 290
Saint-Clément-de-Rivière 34980;  330
Saint-Cloud 92210; 1 990
Saint-Cyprien 66750; 1 830
Saint-Cyr-au-Mont-d'Or 69450;  480
Saint-Cyr-l'École 78210; 1 920
Saint-Cyr-sur-Loire 37540; 1 460
Saint-Cyr-sur-Mer 83270; 1 200
Saint-Denis 93200; 17 520
Saint-Denis 97400; 33 800
Saint-Denis-de-Pile 33910;  750
Saint-Denis-en-Val 45560;  520
Saint-Denis-lès-Bourg 01000;  450
Saint-Didier-au-Mont-d'Or 69370;  430
Saint-Dié-des-Vosges 88100; 3 170
Saint-Dizier 52100; 3 220
Saint-Doulchard 18230;  620
Sainte-Adresse 76310;  470
Sainte-Anne 97180; 4 430
Sainte-Eulalie 33560;  460
Sainte-Foy-lès-Lyon 69110; 1 730
Sainte-Geneviève-des-Bois 91700; 3 740
Saint-Égrève 38120; 1 380
Sainte-Livrade-sur-Lot 47110;  900
Sainte-Luce 97228; 1 540
Sainte-Luce-sur-Loire 44980; 1 300
Sainte-Marie 97230; 3 110
Sainte-Marie 97438; 7 580
Sainte-Marie-aux-Mines 68160;  480
Sainte-Maxime 83120; 1 860
Sainte-Pazanne 44680;  540
Sainte-Rose 97115; 3 740
Sainte-Rose 97439; 1 860
Saintes 17100; 3 190
Sainte-Savine 10300; 1 290
Sainte-Sigolène 43600;  550
Sainte-Soulle 17220;  450
Saint-Esprit 97270; 1 510
Saint-Estève 66240; 1 280
Sainte-Suzanne 97441; 5 480
Saint-Étienne 42000; 24 810
Saint-Étienne-au-Mont 62360;  500
Saint-Étienne-de-Montluc 44360;  520
Saint-Étienne-du-Rouvray 76800; 4 190
Saint-Fargeau-Ponthierry 77310; 1 430
Saint-Florent-sur-Cher 18400;  590
Saint-Flour 15100;  600
Saint-Fons 69190; 3 070
Saint-François 97118; 3 230
Saint-Galmier 42330;  430
Saint-Gaudens 31800; 1 830
Saint-Gély-du-Fesc 34980;  680
Saint-Genest-Lerpt 42530;  500
Saint-Genis-Laval 69230; 1 600
Saint-Genis-les-Ollières 69290;  350
Saint-Genis-Pouilly 01630; 1 170
Saint-Georges-de-Didonne 17110;  480
Saint-Georges-d'Orques 34680;  650
Saint-Germain-du-Puy 18390;  410
Saint-Germain-en-Laye 78100; 3 400
Saint-Germain-lès-Arpajon 91180; 1 060
Saint-Germain-lès-Corbeil 91250;  560
Saint-Gervais-les-Bains 74170;  460
Saint-Gilles 30800; 2 520
Saint-Gilles 35590;  410
Saint-Gilles-Croix-de-Vie 85800;  770
Saint-Girons 09200;  950
Saint-Gratien 95210; 2 330
Saint-Grégoire 35760;  710
Saint-Herblain 44800; 5 800
Saint-Hilaire-de-Riez 85270; 1 280
Saint-Hilaire-du-Harcouët 50600;  540
Saint-Ismier 38330;  390
Saint-Jacques-de-la-Lande 35136; 1 890
Saint-Jean 31240; 1 040
Saint-Jean-Bonnefonds 42650;  570
Saint-Jean-d'Angély 17400;  980
Saint-Jean-de-Boiseau 44640;  550
Saint-Jean-de-Braye 45800; 2 730
Saint-Jean-de-la-Ruelle 45140; 2 220
Saint-Jean-de-Luz 64500; 1 790
Saint-Jean-de-Maurienne 73300;  430
Saint-Jean-de-Monts 85160; 1 190
Saint-Jean-de-Védas 34430; 1 520
Saint-Jean-d'Illac 33127;  760
Saint-Jean-le-Blanc 45650;  920
Saint-Jorioz 74410;  470
Saint-Jory 31790; 1 290
Saint-Joseph 97212; 2 580
Saint-Joseph 97480; 10 380
Saint-Juéry 81160;  780
Saint-Julien-de-Concelles 44450;  570
Saint-Julien-en-Genevois 74160; 1 590
Saint-Julien-les-Villas 10800;  810
Saint-Junien 87200; 1 200
Saint-Just-en-Chaussée 60130;  760
Saint-Just-Saint-Rambert 42170; 1 040
Saint-Laurent-Blangy 62223;  830
Saint-Laurent-de-la-Salanque 66250; 1 510
Saint-Laurent-de-Mure 69720;  420
Saint-Laurent-du-Maroni 97320; 9 270
Saint-Laurent-du-Var 06700; 2 980
Saint-Laurent-Médoc 33112;  520
Saint-Leu 97436; 10 060
Saint-Leu-la-Forêt 95320; 1 330
Saint-Lô 50000; 2 340
Saint-Loubès 33450; 1 000
Saint-Louis 68300; 2 960
Saint-Louis 97434; 15 270
Saint-Lyphard 44410;  380
Saint-Lys 31470;  880
Saint-Macaire-en-Mauges 49450; 1 880
Saint-Maixent-l'École 79400;  730
Saint-Malo 35400; 5 210
Saint-Mandé 94160; 1 630
Saint-Mandrier-sur-Mer 83430;  530
Saint-Marcel 71380;  620
Saint-Marcel-lès-Valence 26320;  580
Saint-Marcellin 38160;  900
Saint-Marcellin-en-Forez 42680;  440
Saint-Mars-du-Désert 44850;  340
Saint-Martin-Boulogne 62280; 1 220
Saint-Martin-de-Crau 13310; 1 650
Saint-Martin-de-Seignanx 40390;  570
Saint-Martin-d'Hères 38400; 3 630
Saint-Martin-d'Uriage 38410;  320
Saint-Martin-la-Pallu 86380;  470
Saint-Martin-le-Vinoux 38950;  610
Saint-Martin-lez-Tatinghem 62500;  510
Saint-Maur-des-Fossés 94100; 5 960
Saint-Maurice 94410; 1 200
Saint-Maurice-l'Exil 38550;  660
Saint-Max 54130; 1 080
Saint-Maximin-la-Sainte-Baume 83470; 1 730
Saint-Médard-en-Jalles 33160; 2 570
Saint-Memmie 51470;  570
Saint-Michel-Chef-Chef 44730;  530
Saint-Michel-sur-Orge 91240; 2 170
Saint-Mitre-les-Remparts 13920;  560
Saint-Nazaire 44600; 9 050
Saint-Nicolas-de-Port 54210;  660
Saint-Nom-la-Bretèche 78860;  250
Saint-Omer 62500; 2 500
Saint-Orens-de-Gameville 31650; 1 390
Saint-Ouen 93400; 8 320
Saint-Ouen-l'Aumône 95310; 3 070
Saint-Pathus 77178;  440
Saint-Paul 97460; 25 940
Saint-Paul-lès-Dax 40990; 1 680
Saint-Paul-Trois-Châteaux 26130;  950
Saint-Pée-sur-Nivelle 64310;  690
Saint-Péray 07130;  620
Saint-Philbert-de-Grand-Lieu 44310;  680
Saint-Philippe 97442; 1 410
Saint-Pierre 97410; 22 490
Saint-Pierre-des-Corps 37700; 2 510
Saint-Pierre-d'Irube 64990;  530
Saint-Pierre-d'Oléron 17310;  850
Saint-Pierre-du-Mont 40280; 1 020
Saint-Pierre-du-Perray 91280;  970
Saint-Pierre-en-Auge 14170;  680
Saint-Pierre-en-Faucigny 74800;  680
Saint-Pierre-lès-Elbeuf 76320;  930
Saint-Pierre-lès-Nemours 77140;  440
Saint-Pol-de-Léon 29250;  710
Saint-Pol-sur-Ternoise 62130;  610
Saint-Pourçain-sur-Sioule 03500;  480
Saint-Priest 69800; 5 790
Saint-Priest-en-Jarez 42270;  470
Saint-Privat-des-Vieux 30340;  540
Saint-Prix 95390;  580
Saint-Pryvé-Saint-Mesmin 45750;  580
Saint-Quentin 02100; 8 840
Saint-Quentin-Fallavier 38070;  550
Saint-Rambert-d'Albon 26140;  840
Saint-Raphaël 83700; 4 180
Saint-Rémy 71100;  520
Saint-Rémy-de-Provence 13210;  990
Saint-Rémy-lès-Chevreuse 78470;  420
Saint-Renan 29290;  550
Saintry-sur-Seine 91250;  430
Saint-Saturnin-lès-Avignon 84450;  500
Saint-Saulve 59880; 1 320
Saint-Sébastien-de-Morsent 27180;  420
Saint-Sébastien-sur-Loire 44230; 2 530
Saint-Sever 40500;  540
Saint-Sulpice-la-Pointe 81370;  890
Saint-Symphorien-d'Ozon 69360;  440
Saint-Thibault-des-Vignes 77400;  620
Saint-Vallier 71230;  760
Saint-Victoret 13730;  670
Saint-Vincent-de-Tyrosse 40230;  960
Saint-Vit 25410;  410
Saint-Xandre 17138;  480
Saint-Yrieix-la-Perche 87500;  550
Saint-Yrieix-sur-Charente 16710;  690
Saint-Zacharie 83640;  440
Salazie 97433; 1 940
Salbris 41300;  420
Saleilles 66280;  560
Sallanches 74700; 1 220
Sallaumines 62430; 1 440
Salles 33770;  730
Salon-de-Provence 13300; 5 850
Sanary-sur-Mer 83110; 1 660
Sannois 95110; 3 020
Santes 59211;  380
Saran 45770; 1 890
Sarcelles 95200; 8 960
Sarlat-la-Canéda 24200; 1 160
Sarrebourg 57400; 1 480
Sarreguemines 57200; 2 830
Sarrians 84260;  700
Sartrouville 78500; 5 840
Sarzeau 56370;  690
Sassenage 38360;  860
Sathonay-Camp 69580;  560
Saujon 17600;  720
Saulx-les-Chartreux 91160;  520
Saumur 49400; 3 790
Sausheim 68390;  490
Sausset-les-Pins 13960;  570
Sautron 44880;  530
Sauvian 34410;  640
Savenay 44260;  710
Saverne 67700; 1 260
Savigny-le-Temple 77176; 3 450
Savigny-sur-Orge 91600; 3 530
Scaër 29390;  510
Sceaux 92330; 1 250
Schiltigheim 67300; 4 890
Schoelcher 97233; 2 760
Schweighouse-sur-Moder 67590;  410
Sciez 74140;  600
Scionzier 74950; 1 110
Seclin 59113; 1 610
Sedan 08200; 3 090
Segré 49500; 1 530
Seichamps 54280;  350
Sélestat 67600; 2 110
Seloncourt 25230;  720
Séméac 65600;  510
Sénas 13560;  820
Séné 56860;  870
Senlis 60300; 1 310
Sens 89100; 3 820
Septèmes-les-Vallons 13240; 1 200
Sérignan 34410; 1 290
Serris 77700;  990
Servian 34290;  690
Sète 34200; 6 560
Sevran 93270; 7 780
Sèvremont 85700;  530
Sèvres 92310; 1 860
Seysses 31600; 1 120
Seyssinet-Pariset 38170;  900
Seyssins 38180;  550
Sézanne 51120;  580
Sigean 11130;  810
Sillingy 74330;  390
Simiane-Collongue 13109;  440
Sin-le-Noble 59450; 2 280
Sisteron 04200;  940
Six-Fours-les-Plages 83140; 3 600
Soissons 02200; 4 400
Soisy-sous-Montmorency 95230; 1 630
Soisy-sur-Seine 91450;  520
Solliès-Pont 83210; 1 210
Solliès-Toucas 83210;  460
Somain 59490; 1 790
Sommières 30250;  770
Sorbiers 42290;  580
Sorgues 84700; 2 710
Sotteville-lès-Rouen 76300; 4 510
Souffelweyersheim 67460;  650
Souleuvre en Bocage 14350;  660
Soultz-Haut-Rhin 68360;  650
Souppes-sur-Loing 77460;  620
Soustons 40140;  960
Soyaux 16800; 1 460
Stains 93240; 6 180
Stiring-Wendel 57350; 1 510
Strasbourg 67000; 39 990
Sucé-sur-Erdre 44240;  500
Sucy-en-Brie 94370; 2 200
Sully-sur-Loire 45600;  670
Suresnes 92150; 4 230
Surgères 17700;  800
Sury-le-Comtal 42450;  700
Surzur 56450;  410
Tain-l'Hermitage 26600;  740
Talange 57525;  860
Talant 21240; 1 180
Talence 33400; 5 210
Talmont-Saint-Hilaire 85440;  850
Tarare 69170; 1 260
Tarascon 13150; 2 510
Tarbes 65000; 6 690
Tarnos 40220; 1 310
Tassin-la-Demi-Lune 69160; 1 860
Taverny 95150; 2 430
Templeuve 59242;  470
Tergnier 02700; 2 070
Ternay 69360;  460
Terrasson-Lavilledieu 24120;  800
Terville 57180;  710
Téteghem 59229;  610
Thann 68800;  900
Thaon-les-Vosges 88150; 1 020
Theix 56450;  700
Thiais 94320; 3 410
Thiers 63300; 1 840
Thionville 57100; 4 250
Thizy-les-Bourgs 69240;  570
Thoiry 01710;  390
Thônes 74230;  430
Thonon-les-Bains 74200; 4 640
Thorigné-Fouillard 35235;  650
Thorigny-sur-Marne 77400; 1 020
Thouaré-sur-Loire 44470;  810
Thouars 79100; 1 710
Thue et Mue 14740;  440
Thuir 66300; 1 460
Thyez 74300;  570
Tignieu-Jameyzieu 38230;  640
Tinchebray-Bocage 61800;  370
Tinqueux 51430;  870
Tomblaine 54510;  930
Tonnay-Charente 17430;  930
Tonneins 47400; 1 350
Torcy 77200; 2 650
Toul 54200; 2 110
Toulon 83000; 21 010
Toulouges 66350;  890
Toulouse 31000; 80 580
Tourcoing 59200; 16 200
Tournan-en-Brie 77220;  690
Tournefeuille 31170; 2 860
Tournon-sur-Rhône 07300; 1 390
Tournus 71700;  660
Tours 37000; 18 900
Tourves 83170;  540
Trans-en-Provence 83720;  710
Trappes 78190; 4 710
Trèbes 11800;  700
Trégueux 22950;  720
Trégunc 29910;  560
Treillières 44119;  710
Trélazé 49800; 2 100
Trélissac 24750;  660
Tremblay-en-France 93290; 4 820
Tresses 33370;  400
Trets 13530; 1 000
Trévoux 01600;  710
Triel-sur-Seine 78510; 1 040
Trignac 44570;  990
Trilport 77470;  450
Trith-Saint-Léger 59125;  760
Trois-Rivières 97114; 1 490
Troyes 10000; 9 680
Tulle 19000; 1 600
Tullins 38210;  790
Uckange 57270;  850
Ugine 73400;  620
Unieux 42240;  930
Urrugne 64122;  990
Ussel 19200;  770
Ustaritz 64480;  830
Uzès 30700; 1 040
Vaires-sur-Marne 77360; 1 160
Vaison-la-Romaine 84110;  720
Val d'Erdre-Auxence 49370;  360
Valbonne 06560; 1 080
Valdahon 25800;  380
Valdallière 14410;  470
Val-de-Moder 67350;  440
Val-de-Reuil 27100; 1 940
Valdoie 90300;  630
Valence 26000; 9 720
Valence 82400;  890
Valenciennes 59300; 7 340
Valentigney 25700; 1 600
Valenton 94460; 2 000
Vallauris 06220; 3 510
Vallet 44330;  720
Vallons-de-l'Erdre 44540;  580
Valognes 50700;  510
Valréas 84600; 1 170
Vandoeuvre-lès-Nancy 54500; 3 340
Vannes 56000; 6 040
Vanves 92170; 2 210
Varces-Allières-et-Risset 38760;  490
Varennes-Vauzelles 58640;  700
Vaucresson 92420;  530
Vaugneray 69670;  390
Vaujours 93410;  900
Vaulx-en-Velin 69120; 8 270
Vauréal 95490; 1 600
Vauvert 30600; 1 690
Vaux-le-Pénil 77000;  970
Vaux-sur-Seine 78740;  450
Veauche 42340;  610
Vedène 84270; 1 280
Veigné 37250;  500
Velaux 13880;  670
Vélizy-Villacoublay 78140; 1 640
Vence 06140; 1 610
Vendargues 34740;  770
Vendenheim 67550;  540
Vendin-le-Vieil 62880;  870
Vendôme 41100; 1 860
Venelles 13770;  590
Vénissieux 69200; 11 030
Ventabren 13122;  560
Verdun 55100; 2 350
Vergèze 30310;  570
Vernaison 69390;  410
Verneuil-sur-Avre 27130;  940
Verneuil-sur-Seine 78480; 1 450
Verneuil-sur-Vienne 87430;  200
Vernon 27200; 3 450
Vernouillet 28500; 1 640
Vernouillet 78540;  860
Vern-sur-Seiche 35770;  740
Verrières-en-Anjou 49480;  690
Verrières-le-Buisson 91370;  910
Versailles 78000; 5 810
Vertou 44120; 1 920
Vert-Saint-Denis 77240;  840
Vesoul 70000; 2 280
Vétraz-Monthoux 74100; 1 120
Vexin-sur-Epte 27630;  470
Vezin-le-Coquet 35132;  630
Viarmes 95270;  380
Vias 34450; 1 200
Vic-en-Bigorre 65500;  510
Vichy 03200; 3 570
Vic-le-Comte 63270;  410
Vidauban 83550; 1 530
Vienne 38200; 3 710
Vierzon 18100; 3 720
Vieux-Condé 59690; 1 340
Vieux-Habitants 97119; 1 570
Vif 38450;  570
Vigneux-de-Bretagne 44360;  410
Vigneux-sur-Seine 91270; 3 480
Villabé 91100;  540
Villard-Bonnot 38190;  570
Villars 42390;  660
Villars-les-Dombes 01330;  340
Villebon-sur-Yvette 91140;  690
Villecresnes 94440;  860
Ville-d'Avray 92410;  770
Villefontaine 38090; 2 690
Villefranche-de-Lauragais 31290;  480
Villefranche-de-Rouergue 12200; 1 240
Villefranche-sur-Mer 06230;  380
Villefranche-sur-Saône 69400; 5 120
Villejuif 94800; 7 320
Ville-la-Grand 74100; 1 090
Villemandeur 45700;  720
Villemoisson-sur-Orge 91360;  560
Villemomble 93250; 3 330
Villemur-sur-Tarn 31340;  690
Villenave-d'Ornon 33140; 4 910
Villeneuve-d'Ascq 59491; 7 410
Villeneuve-en-Retz 44580;  450
Villeneuve-la-Garenne 92390; 3 580
Villeneuve-le-Roi 94290; 2 290
Villeneuve-lès-Avignon 30400; 1 230
Villeneuve-lès-Maguelone 34750; 1 120
Villeneuve-Loubet 06270; 1 860
Villeneuve-Saint-Georges 94190; 4 510
Villeneuve-sur-Lot 47300; 3 430
Villeneuve-sur-Yonne 89500;  660
Villeneuve-Tolosane 31270; 1 190
Villennes-sur-Seine 78670;  470
Villenoy 77124;  490
Villeparisis 77270; 2 980
Villepinte 93420; 5 340
Villepreux 78450;  780
Villerest 42300;  370
Villers-Cotterêts 02600; 1 360
Villers-le-Lac 25130;  440
Villers-lès-Nancy 54600; 1 020
Villers-Saint-Paul 60870;  840
Villerupt 54190;  960
Villetaneuse 93430; 1 830
Villette-d'Anthon 38280;  280
Villeurbanne 69100; 21 470
Villiers-le-Bel 95400; 4 290
Villiers-sur-Marne 94350; 3 590
Vincennes 94300; 4 390
Vindry-sur-Turdine 69490;  350
Vineuil 41350;  630
Vire 14500; 1 720
Viriat 01440;  460
Viroflay 78220; 1 040
Viry 74580;  460
Viry-Châtillon 91170; 3 510
Vitré 35500; 1 920
Vitrolles 13127; 4 680
Vitry-le-François 51300; 1 710
Vitry-sur-Seine 94400; 11 630
Vittel 88800;  470
Vizille 38220;  640
Voiron 38500; 2 250
Voisins-le-Bretonneux 78960;  660
Voreppe 38340;  740
Vouneuil-sous-Biard 86580;  430
Wallers 59135;  630
Wambrechies 59118;  880
Wasquehal 59290; 1 900
Wasselonne 67310;  500
Wattignies 59139; 1 660
Wattrelos 59150; 5 700
Wavrin 59136;  630
Waziers 59119; 1 300
Wervicq-Sud 59117;  460
Wimereux 62930;  500
Wingles 62410; 1 090
Wintzenheim 68920;  640
Wissembourg 67160;  680
Wissous 91320;  510
Witry-lès-Reims 51420;  340
Wittelsheim 68310; 1 020
Wittenheim 68270; 1 590
Woippy 57140; 2 290
Wormhout 59470;  380
Yerres 91330; 2 060
Yffiniac 22120;  470
Yssingeaux 43200;  670
Yutz 57110; 1 730
Yvetot 76190; 1 170
Yzeure 03400; 1 070
Communes de moins de 5 000 habitants ou données indisponibles;2 081 750
Total;7 318 470
Les données présentées dans ce tableau sont arrondies à la dizaine. Pour cette raison, la somme des valeurs d’une ligne (ou d’une colonne) peut légèrement différer du total affiché.
